{"cameraMode":{"drawMode":0,"name":"Shaded","section":"Shading Mode"},"sceneLighting":false,"audioPlay":false,"sceneViewState":{"showFog":true,"showMaterialUpdate":false,"showSkybox":false,"showFlares":true,"showImageEffects":true,"showParticleSystems":true,"showVisualEffectGraphs":true,"m_FxEnabled":true},"in2DMode":false,"pivot":{"x":-0.5635798573493958,"y":20.610599517822267,"z":-3.0442657470703127},"rotation":{"x":-0.6314228773117065,"y":-0.0018664334202185274,"z":0.0015197898028418422,"w":-0.7754170298576355},"size":19.269563674926759,"orthographic":true}